Track name,Artist name,Album,Playlist name,Type
KONONO N1 - Paradiso,,,My Playlist,playlist
LA DÉMESURE DU PAS - Somewhere,,,My Playlist,playlist
WHITE BOY SCREAM / JOSHUA HILL - Ouverture,,,My Playlist,playlist
AYA METWALLI - Fein Enta,,,My Playlist,playlist
ENSEMBLE NIST-NAH - Gerak Maju,,,My Playlist,playlist
BARRY KERR - The Snows They Melt The Soonest,,,My Playlist,playlist
MARIA VIOLENZA - Nero e bianco,,,My Playlist,playlist
NICHOLAS REMONDINO / NATALIA ROGANTINI - In un cielo,,,My Playlist,playlist
NICHOLAS REMONDINO / NATALIA ROGANTINI - Di Vento,,,My Playlist,playlist
XEXA - Kizomba OO3,,,My Playlist,playlist
MARIA VIOLENZA - U mari,,,My Playlist,playlist
MARIA PIA DE VITO - Amico mio (Meu caro amigo),,,My Playlist,playlist
MARIA PIA DE VITO - Samba e ammore (Samba e amor),,,My Playlist,playlist
BEN STAPP - Errathemuel,,,My Playlist,playlist
ORUÃ - Deus-Dara,,,My Playlist,playlist
NATURAL INFORMATION SOCIETY COMMUNITY ENSEMBLE WITH ARI BROWN - Murmuration,,,My Playlist,playlist
JOSHUA ABRAMS - Abide In Sunset,,,My Playlist,playlist
JOSHUA ABRAMS NATURAL INFORMATION SOCIETY - Finite,,,My Playlist,playlist
NATURAL INFORMATION SOCIETY COMMUNITY ENSEMBLE WITH ARI BROWN - Stigmergy,,,My Playlist,playlist
OKOUCHI DAISUKE - Dream Beach,,,My Playlist,playlist
YAWARAKAI HITOTACHI - Nooooodles,,,My Playlist,playlist
TOKUTARO HOSOI - The Big Whale's Dream 2,,,My Playlist,playlist
REIKO NONOYAMA - 1 Piano X Drums,,,My Playlist,playlist
YASEI COLLECTIVE - Breeze,,,My Playlist,playlist
HEX SHELL - The Cat 2.0,,,My Playlist,playlist
FRED FRITH - Evolution,,,My Playlist,playlist
BILL LASWELL / GENESIS P-ORRIDGE / PERCY HOWARD - The Old Man Of The Mountain,,,My Playlist,playlist
METSA - KAPOMO & THE EAGLETS, Irapaya,,,My Playlist,playlist
GROUPE RTD / ASMA OMAR - Raga Kaan Ka'Eegtow (You Are the One I Love),,,My Playlist,playlist
ROY BROOKS - Will Pans Walk,,,My Playlist,playlist
THE CHARLIE ROUSE BAND - Backwoods Echo (Sertão),,,My Playlist,playlist
JUNIOR MURVIN - Cool Out Soon,,,My Playlist,playlist
DUCHAMP - The Wild Joy,,,My Playlist,playlist
DUCHAMP - Fulaxos,,,My Playlist,playlist
DAMĀVAND - Hard As A Leaf ft. Tetsuroh Konishi,,,My Playlist,playlist
WIDAD MJAMA & KHALIL EPI - Hajti fi grini,,,My Playlist,playlist
WIDAD MJAMA & KHALIL EPI - Chelini,,,My Playlist,playlist
WIDAD MJAMA & KHALIL EPI - Kabel El Kaayl,,,My Playlist,playlist
WIDAD MJAMA & KHALIL EPI - Radoni,,,My Playlist,playlist
BONNIE PRINCE BILLY - Look Backwards On Your Future, Look Forward To Your Past,,,My Playlist,playlist
BONNIE PRINCE BILLY - Why Is The Lion,,,My Playlist,playlist
BONNIE PRINCE BILLY - Liffeyside / Raining In Darling,,,My Playlist,playlist
Piano" - Maple Death Records MDR060 - Black Sweat Records,,,My Playlist,playlist
ZA! + TOMÁS DE PERRATE - Steve Kahn,,,My Playlist,playlist
WE HAVE ZERO VISIBILITY - The Other Front, Making Of,,,My Playlist,playlist
MU - Nothing Has Been Said That Matter Most,,,My Playlist,playlist
FEDERICO MOSCONI FEAT. BARBARA DE DOMINICIS - Frammento II. 15000 Minuti,,,My Playlist,playlist
ISAIAH HULL - Fishscales,,,My Playlist,playlist
LINTON KWESI JOHNSON - Story,,,My Playlist,playlist
TOM SKINNER - Longue,,,My Playlist,playlist
KASSA OVERALL - Nothin But A "G" Thang,,,My Playlist,playlist
LAC OBSERVATION - Greenland Myth / Birch Canoe,,,My Playlist,playlist
LAC OBSERVATION - The Latewood Ambulance (for Bill Doss),,,My Playlist,playlist
YARA ASMAR - The Familiar Scenography Of Electrons Waltzing Across The Screen In Your Peripheral Vision, You Avoid Its Gaze Like A Tired Husband You Have Outgrown,,,My Playlist,playlist
MARK TURNER - Movement 1. Anonymous,,,My Playlist,playlist
MARK TURNER - Movement 8. Pragmatism,,,My Playlist,playlist
ANNE-JAMES CHATON - ANDY MOOR & YANNIS KYRIAKIDES, Ecrire une phrase,,,My Playlist,playlist
MOHAMMAD REZA MORTAZAVI - Dornâ,,,My Playlist,playlist
THE ALIEN DUB ORCHESTRA - Caprinæ Subfamily,,,My Playlist,playlist
URSULA RUCKER & TIM MOTZER - Brain Stream,,,My Playlist,playlist
URSULA RUCKER & TIM MOTZER - Begin a New,,,My Playlist,playlist
URSULA RUCKER & TIM MOTZER - Crack It Open,,,My Playlist,playlist
URSULA RUCKER & TIM MOTZER - Black Queen,,,My Playlist,playlist
URSULA RUCKER & TIM MOTZER - Supa Sister,,,My Playlist,playlist
NAI BARGHOUTI - Rajeen - Maqam Productions 2021,,,My Playlist,playlist
MAJAZZ PROJECT / PALESTINIAN SOUND ARCHIVE - Like A Wounded Bird,,,My Playlist,playlist
CASTELO - Piru Piru,,,My Playlist,playlist
LAY LLAMAS - Through The Magic Gateway feat. Joao Branco Kyron,,,My Playlist,playlist
LAY LLAMAS - Suddenly A Ghost Jungle,,,My Playlist,playlist
MĀYĀ - Rainforest Drop,,,My Playlist,playlist
EVA NOVOA - Free To Be Free,,,My Playlist,playlist
MATTHEW PUTMAN / HILL GREENE / FRANCISCO MELA - Joy And Belief,,,My Playlist,playlist
EVA NOVOA - Dream,,,My Playlist,playlist
INGEBRIGT HÅKER FLATEN (EXIT) KNAR - Kanón (for Paal Nilssen-Love),,,My Playlist,playlist
THE EXPERIMENTAL TROPIC BLUES BAND - Tropic,,,My Playlist,playlist
MICHELE DI STEFANO - Aside (excerpt),,,My Playlist,playlist
KRISTEN NOGUÈS & JOHN SURMAN - Kleier,,,My Playlist,playlist
DAVID MURRAY QUARTET - Ninno,,,My Playlist,playlist
DAVID MURRAY QUARTET - Nectar,,,My Playlist,playlist
DAVID MURRAY QUARTET - Metouka Sheli,,,My Playlist,playlist
DAVID MURRAY QUARTET - Seriana promathia,,,My Playlist,playlist
DAVID MURRAY QUARTET - Come and Go,,,My Playlist,playlist
DAVID MURRAY QUARTET - Afrika,,,My Playlist,playlist
THE PLASTIC BEATNIKS - War Memoir ft. Moor Mother,,,My Playlist,playlist
LES RALLIZES DÉNUDÉS - Deeper Than The Night,,,My Playlist,playlist
SARA PERSICO - Phoenix Plain,,,My Playlist,playlist
ALICE - 5 Mille Ans, de "Châteaux Faibles" – Les Disques Bongo Joe,,,My Playlist,playlist
ALICE - L'eau sans Citron, de "Châteaux Faibles" – Les Disques Bongo Joe,,,My Playlist,playlist
WOW - Rosa di Luce,,,My Playlist,playlist
WOW - Creature Fragili,,,My Playlist,playlist
RAY'S VOICES - Song For Gaza,,,My Playlist,playlist
MIKE COOPER - A Land Of Remorse,,,My Playlist,playlist
ORCHESTRE TOUT PUISSANT MARCEL DUCHAMP - Square Peg Round Hole,,,My Playlist,playlist
SEMAY WU - A Long Road,,,My Playlist,playlist
ANOUSHKA SHANKAR - Chapter I: Forever, For Now,,,My Playlist,playlist
ANOUSHKA SHANKAR - Chapter II: How Dark It Is Before Dawn,,,My Playlist,playlist
ANOUSHKA SHANKAR - Chapter III: We Return to Light,,,My Playlist,playlist
HERMETO PASCOAL - ELIS REGINA, Asa Branca,,,My Playlist,playlist
HAMILTON DE HOLANDA - ANDRÉ MEHMARI, Menino Hermeto, Gismonti Pascoal: A Música de Hermeto e Egberto - Brasilianos,,,My Playlist,playlist
SOPHIE COURONNE - Hurricane Katrina,,,My Playlist,playlist
THE SLITS - Newton,,,My Playlist,playlist
LED BIB - A Tin Teardrop,,,My Playlist,playlist
FARAH KADDOUR & MARWAN TOHME - Kayfa Taltaqi Al-Qulub,,,My Playlist,playlist
JOE DOBKIN - Falndike Vent (Falling Walls),,,My Playlist,playlist
VIV CORRINGHAM - July (Prespes, Greece),,,My Playlist,playlist
VIV CORRINGHAM - November (Museum of Modern Art, NYC),,,My Playlist,playlist
HAND TO EARTH - Ŋurru Wäŋa Part I,,,My Playlist,playlist
HAND TO EARTH - Ŋurru Wäŋa Part II,,,My Playlist,playlist
MICHAEL ALPERT - Khorbn Aze (The Devastation of Gaza),,,My Playlist,playlist
LED BIB - A Tin Teardrop,,,My Playlist,playlist
STEPHEN O'MALLEY - Gruidés,,,My Playlist,playlist
PLAINSPEAK - The Pulseman,,,My Playlist,playlist
FRANCESCO FUSARO - For Bell Hooks,,,My Playlist,playlist
FRANCESCO FUSARO - Permutations,,,My Playlist,playlist
URI CAINE TRIO WITH BARBARA WALKER - Liberty Bell,,,My Playlist,playlist
URI CAINE TRIO WITH BARBARA WALKER - The Mob Burns Down Pennsylvania Hall (1),,,My Playlist,playlist
URI CAINE TRIO WITH BARBARA WALKER - The Mob Burns Down Pennsylvania Hall (2),,,My Playlist,playlist
URI CAINE TRIO WITH BARBARA WALKER - The ICY School,,,My Playlist,playlist
URI CAINE TRIO WITH BARBARA WALKER - Don't Kill Children,,,My Playlist,playlist
URI CAINE TRIO WITH BARBARA WALKER - Men To Arms,,,My Playlist,playlist
URI CAINE TRIO WITH BARBARA WALKER - Piano Introduction,,,My Playlist,playlist
URI CAINE TRIO WITH BARBARA WALKER - Baseball Hero Of 1867,,,My Playlist,playlist
URI CAINE TRIO WITH BARBARA WALKER - Murder,,,My Playlist,playlist
URI CAINE TRIO WITH BARBARA WALKER - Caroline Le Count's Lament,,,My Playlist,playlist
URI CAINE TRIO WITH BARBARA WALKER - Shouting Out My Joy,,,My Playlist,playlist
URI CAINE TRIO WITH BARBARA WALKER - Stormy Monday,,,My Playlist,playlist
ANATOLI KULAAR - Xomuz (Jew's Harp) Imitating Water,,,My Playlist,playlist
ARIEL KALMA / DAVIDE ZOLLI / RICCARDO SINIGAGLIA - Three Blokes In Adameno,,,My Playlist,playlist
COOPER-MOORE / ASSIF TSAHAR - America,,,My Playlist,playlist
MARC RIBOT - St. James Infirmary,,,My Playlist,playlist
URSULA RUCKER - Philadelphia Child,,,My Playlist,playlist
NUDO - Anthem huichacolero,,,My Playlist,playlist
QUR'AN SHAHEED - Fix It, Pt. 1 / Fix It, Pt. 2,,,My Playlist,playlist
UNFALL - Scicli,,,My Playlist,playlist
UNFALL - Canon X,,,My Playlist,playlist
UNFALL - Chorale,,,My Playlist,playlist
GIANNI GEBBIA - False Acacie,,,My Playlist,playlist
GIANNI GEBBIA - Calor,,,My Playlist,playlist
MAI MAI MAI & COSIMO DAMIANO - Sind ft. Faraualla & ARS LUDI Ensemble,,,My Playlist,playlist
PLAINSPEAK - Buggin' The Bug,,,My Playlist,playlist
PLAINSPEAK - Someone To Someone,,,My Playlist,playlist
FRED ELIAS & BUDDY SARKISSIAN - Extravaganza 1,,,My Playlist,playlist
FRED ELIAS & BUDDY SARKISSIAN - Tsamika,,,My Playlist,playlist
SHAHRZAD - Agmal Leila,,,My Playlist,playlist
SHAHRZAD - En Rah Minak Ya Ain,,,My Playlist,playlist
RED BARAAT - Bhangra Rangeela feat. SMK & Bakshi Brothers,,,My Playlist,playlist
PAOLO ANGELI - Storia a uno,,,My Playlist,playlist
PAOLO ANGELI - Isismesc,,,My Playlist,playlist
PAOLO ANGELI LIVE & INTERVISTA PAOLO ANGELI LIVE - Periplo PAOLO ANGELI LIVE, Sciumara PAOLO ANGELI LIVE, Mavi PAOLO ANGELI LIVE, Azafrán / Nakba PAOLO ANGELI LIVE, Conca Entosa PAOLO ANGELI LIVE, Ramadura PAOLO ANGELI, Trasfigurazioni in ripresa,,,My Playlist,playlist
PAOLO ANGELI - Dove dormono gli autobus,,,My Playlist,playlist
ZA! + TOMÁS DE PERRATE - La milonga,,,My Playlist,playlist
PIEDICAVALLO FESTIVAL - Sezione Lüria - Piedicavallo / Valle Cervo (BI), dal 22 al 24 agosto 2025,,,My Playlist,playlist
HOLYDAYS FESTIVAL - Scopoli (PG), 1-3 agosto 2025,,,My Playlist,playlist
HOCUS POCUS 4 + FRANCO DEGRASSI - Take One (estratto),,,My Playlist,playlist
BITOI - Fi-O-Oi,,,My Playlist,playlist
LARS ROCK FEST 2025 - Chiusi (SI), 4/5/6 luglio 2025,,,My Playlist,playlist
MARTA SALOGNI & FRANCESCO FONASSI - Orafiore,,,My Playlist,playlist
CLIFFORD JORDAN QUARTET - John Coltrane,,,My Playlist,playlist
CHARLES ROUSE - Hopscotch,,,My Playlist,playlist
BILLY PARKER'S FOURTH WORLD - Get With It,,,My Playlist,playlist
LONNIE HOLLIE - We Was Kings In The Jungle, Slaves In The Field,,,My Playlist,playlist
Registrato al Montreux Jazz Festival - Montreux, 13 luglio 2007,,,My Playlist,playlist
BEE LIVERS - Becky Bee,,,My Playlist,playlist
BEE LIVERS - Go Away,,,My Playlist,playlist
SCHEDARS - Left With,,,My Playlist,playlist
BAO MUSIC FESTIVAL 2025 - Monticelli Brusato, 20-21 giugno 2025, Valle Trompia 11-13 luglio 2025,,,My Playlist,playlist
KAITO WINSE - An-Kôri,,,My Playlist,playlist
EVA NOVOA / MASA KAMAGUCHI / GERALD CLEAVER TRIO - Modus Vivendi,,,My Playlist,playlist
concerti & eventi MATERIALE RESISTENTE TRENTENNALE - Savoniero di Palagano (Modena), sabato 14 giugno 2025,,,My Playlist,playlist
MAROSI FESTIVAL - Variazioni sulle singolarità del mare, 7° edizione, Isola di Stromboli (ME), 14 - 19 giugno 2025,,,My Playlist,playlist
FILM SOCIETY BIONOMIC SCREENING - 8° performance, Cinema Massimo, Torino, venerdì 20 giugno, 2025,,,My Playlist,playlist
MIRIAM - Arrivano le giraffe, "Sing-A-Beast" - Dissipatio,,,My Playlist,playlist
MIRIAM - Istrice Serenade, "Sing-A-Beast" - Dissipatio,,,My Playlist,playlist
THE DENGIE HUNDRED - Lato B,,,My Playlist,playlist
FABIO ORSI - Secondo appunto,,,My Playlist,playlist
FABIO ORSI / MASSIMO AMATO - Atacama,,,My Playlist,playlist
MARIA W HORN & MATS ERLANDSSON - Himlaglöd part II,,,My Playlist,playlist
THE BOOKS - Enjoy Your Worries, You Might Never Have Them Again,,,My Playlist,playlist
ADRIANA CALCANHOTTO - Eu Vivo A Sorrir da "Micróbio do Samba" - Sony Music,,,My Playlist,playlist
MAJOR LAZAR - Que Calor feat. J Balvin & El Alfa – 7" Mad Decent Records,,,My Playlist,playlist
PTAZETE / FRIANA / JUACKO - Trakatá – 7" Sony Music,,,My Playlist,playlist
EL ALFA / YANDEL / MIKE TOWERS - Dembow y Reggaeton - El Jefe Records,,,My Playlist,playlist
THOMI DJ - Tumba – 7" Autoproduzione,,,My Playlist,playlist
12 DISCIPULOS - EDDIE DEE - DADDY YANKEE, GALLEGO, TEGO CALDERON, VOLTIO, IVY QUEEN, JOHNNY PREZ, WISO G, LENNOX, Quítate Tu Pa' Ponerme Yo,,,My Playlist,playlist
KOTONASHISO - Rinjin no yume,,,My Playlist,playlist
MARK ERNESTUS' NDAGGA RHYTHM FORCE W/ MBENE DIATTA SECK - Nimzat,,,My Playlist,playlist
DELI KUVVETI - Kuşlar söyledi,,,My Playlist,playlist
MERCHANTS - Mellified,,,My Playlist,playlist
DAVE LIEBMAN / BILLY HART / ADAM RUDOLPH - Intent,,,My Playlist,playlist
KOTONASHISO - Karappo Jelly,,,My Playlist,playlist
PALESTINIAN SOUND ARCHIVE - tour italiano, 3-29 giugno 2025,,,My Playlist,playlist
HERO - artista anonimo,,,My Playlist,playlist
DALAVA - Escape Velocity,,,My Playlist,playlist
DALAVA - The Way Down,,,My Playlist,playlist
RA DI SPINA - Marretana,,,My Playlist,playlist
BEACHES BREW 2025 - Marina di Ravenna, 10-12 giugno 2025,,,My Playlist,playlist
VICA PACHECO - Las Manos,,,My Playlist,playlist
GAMMA MARCH - Tauira,,,My Playlist,playlist
VALENTINA VILLARROEL - Kuyen,,,My Playlist,playlist
IVANKA COTRINA - 4 estrellas del sol - Tawa Coyllur Inti,,,My Playlist,playlist
JOCY DE OLIVEIRA - Wave Song,,,My Playlist,playlist
GRACIELA CASTILLO - Concreción 65 - (1965),,,My Playlist,playlist
SÃO PAULO UNDERGROUND - Basilio's Crazy Wedding Song,,,My Playlist,playlist
STEVEN BERNSTEIN / LAURIE ANDERSON / MARSHALL ALLEN / SEX MOB / KRONOS QUARTET - Images Suite (Images / Horoscope / Ancient Aiethopia / Interstellar Low Ways),,,My Playlist,playlist
SILT REMEMBRANCE ENSEMBLE - Silt Remembrance,,,My Playlist,playlist
GARD NILSSEN'S SUPERSONIC ORCHESTRA - The Space Dance Experiment,,,My Playlist,playlist
MATTEO PAGGI - Slow My Skiing,,,My Playlist,playlist
PLASMA D'ARC - Ligne Triple,,,My Playlist,playlist
SPECTRE - Boulder,,,My Playlist,playlist
SPECTRE - Dead On One's Feet,,,My Playlist,playlist
PLASMA D'ARC - Hélice,,,My Playlist,playlist
SKIN FLESH AND BONES - Fading Dub – 7" Jama Music,,,My Playlist,playlist
SILT REMEMBRANCE ENSEMBLE - Memory (feat. No Land),,,My Playlist,playlist
SILT REMEMBRANCE ENSEMBLE - River Road,,,My Playlist,playlist
NIDO - Primo mese,,,My Playlist,playlist
ACCHIAPPASHPIRT - Ninulla (estratto),,,My Playlist,playlist
NIDO - Sesto mese,,,My Playlist,playlist
GAFACCI X MONI - Juana feat. Joey B.,,,My Playlist,playlist
ATAMINA - Sycophantic Friends,,,My Playlist,playlist
KING AYISOBA - People Talk Too Much,,,My Playlist,playlist
PAT THOMAS & EBO TAYLOR - Ene Nyame Nam 'A' Mensuro,,,My Playlist,playlist
APARTICLE - Raklad,,,My Playlist,playlist
HACO - SAKAMOTO HIROMISHI, Hash In The Rainbow,,,My Playlist,playlist
MANYFINGERS - Ballybane, The Hospital Radio Request List Vol. Two - Sink And Stove Records,,,My Playlist,playlist
MERCENÁRIAS - Ontem,,,My Playlist,playlist
E.G.A. - Haoma,,,My Playlist,playlist
E.G.A. - Flauto di vertebre,,,My Playlist,playlist
MADDIE ASHMAN - Blossom / Bonfire,,,My Playlist,playlist
VIOLETA GARCÍA - HORA LUNGA, I'll Wait For You In The McDonalds Car Park, "I'll Wait For You In The Car Park" - -OUS,,,My Playlist,playlist
LUCA TILLI / SEBI TRAMONTANA / STEVE BERESFORD - Flying Slippers Part 3,,,My Playlist,playlist
PAUL DUNMALL QUARTET - Here Today Gone Tomorrow,,,My Playlist,playlist
JOHN SURMAN - Background,,,My Playlist,playlist
MERCENÁRIAS - Lucidez,,,My Playlist,playlist
MAD PROFESSOR - Avianca Dubs – Dub 1 – 12" Avianca Dubs,,,My Playlist,playlist
MAD PROFESSOR - Avianca Dubs – Dub 2 – 12" Avianca Dubs,,,My Playlist,playlist
O.B.F. - Ruffer Dubplate Mix (Original 2013 Mix) – 12" Dubquake Records,,,My Playlist,playlist
KANNASTE4 - Different Worlds da "Out Of Self And Into Others" - We Jazz Records,,,My Playlist,playlist
RAFAEL TORAL - First Long Space (estratto),,,My Playlist,playlist
SONS OF MEMBERTOUM - Kepmite'tmnej (Mi'kmaq Honour Song),,,My Playlist,playlist
JAZZ IS DEAD! FESTIVAL 2025 - Torino, 30 maggio / 2 giugno 2025,,,My Playlist,playlist
GIANLUCA PETRELLA - XXXSuite,,,My Playlist,playlist
VIJAY IYER / CRAIG TABORN - Shakedown,,,My Playlist,playlist
GERI ALLEN TRIO WITH RON CARTER - TONY WILLIAMS, Drummer's Song,,,My Playlist,playlist
VIRTUAL FOREST - The Angel of the Abyss and the Door through the Underworld,,,My Playlist,playlist
THE INTELLECTUALS - Blood Party,,,My Playlist,playlist
BBM - α cigni,,,My Playlist,playlist
FUTURO ANTICO - Schirak,,,My Playlist,playlist
ELIO MARTUSCIELLO/OSSATURA - In grazia di uno spostamento sagittale,,,My Playlist,playlist
ONDAKEIKI - Flower Drift (Neurotica Exotica remix),,,My Playlist,playlist
DAVIDE 'BOOSTA' DILEO - Cortex,,,My Playlist,playlist
DAVIDE 'BOOSTA' DILEO - In My Room, Pt. 2,,,My Playlist,playlist
ELVIN BRANDHI - W'sssSsST (excerpt),,,My Playlist,playlist
SHEIKH AMIN ABDEL QADER - Mould fi Madina Tanta (Born in the City of Tanta),,,My Playlist,playlist
SAMAH - Shawish Aldawriat (Patrol Sargeant),,,My Playlist,playlist
AMMAR EL SHEREI - Balad El Mahob,,,My Playlist,playlist
AMMAR EL SHEREI - El Donya Helwa,,,My Playlist,playlist
AWA KHIWE - Uthando Alulamgoqo da "African Women Arise" - Outhere Records,,,My Playlist,playlist
BLACKXWASH - Only Dust Remains,,,My Playlist,playlist
BLACKXWASH - 9th Heaven,,,My Playlist,playlist
GOYA GUMBANI - Driftin' Interludes,,,My Playlist,playlist
GOYA GUMBANI - Chase The Sunshine,,,My Playlist,playlist
MASSIMO BARBIERO & MARKUS STOCKHAUSEN - Terra (felicità),,,My Playlist,playlist
THOLLEM MCDONAS / ALVARO ROSSO - From Now To Birth, A Lifetime Between (excerpt),,,My Playlist,playlist
QUARTETTO PSICOGEOGRAFICO - Sq. 3,,,My Playlist,playlist
CEMENTO ATLANTICO - Black'n'Red,,,My Playlist,playlist
DELMORE FX - The 3rd Half,,,My Playlist,playlist
FIGLI DI PULCINELLA - Cristalli di Pulcinella,,,My Playlist,playlist
ANDREA BELFI - JULES REIDY, Dessus,,,My Playlist,playlist
CRISCO 3 - Flop Top,,,My Playlist,playlist
EVITA POLIDORO - Aria di Pioggia,,,My Playlist,playlist
DAVID THOMAS & THE PEDESTRIANS - Big Breezy Day,,,My Playlist,playlist
DAVID THOMAS AND THE ACCORDION CLUB - The Egg And I,,,My Playlist,playlist
MARK SPRINGER / NEIL TENNANT / SACCONI STRING QUARTET - V. My Friend The Monster,,,My Playlist,playlist
PRINCE FAR I - The Lords Prayer,,,My Playlist,playlist
THE HANDOVER - The Handover Part 2 (estratto),,,My Playlist,playlist
PRINCE FAR I - Psalm 53,,,My Playlist,playlist
TRIO DA KALI - Cela Sigui,,,My Playlist,playlist
KING TUBBY - Mercy Horns,,,My Playlist,playlist
MARK SPRINGER / NEIL TENNANT / SACCONI STRING QUARTET - VI. The Madness Of The Summer,,,My Playlist,playlist
PRINCE FAR I - Psalm 2,,,My Playlist,playlist
BLIND IO - Miss Flitworth,,,My Playlist,playlist
BLIND IO - Bary Center,,,My Playlist,playlist
DAWN AFTER DAWN - Last Chance to Love,,,My Playlist,playlist
SILT REMEMBRANCE ENSEMBLE - The Poet,,,My Playlist,playlist
DANIEL CARTER / AYUMI ISHITO - Dreamy Contagion,,,My Playlist,playlist
CAROLINE WONDERLAND - Sooner Or Later,,,My Playlist,playlist
CAROLINE WONDERLAND - Blues For Gene,,,My Playlist,playlist
JOHN SURMAN - Hallo Thursday,,,My Playlist,playlist
GLAUCO SALVO - Doca do Bom Sucesso,,,My Playlist,playlist
HEROIN IN TAHITI - Costa Concordia,,,My Playlist,playlist
LAY LLAMAS & ALFIO ANTICO - Malophòros,,,My Playlist,playlist
JAHIRA OKWERA - Awinyo Bila,,,My Playlist,playlist
OTZE - Am Rand Ein Leben,,,My Playlist,playlist
HEINER MÜLLER & EINSTÜRZENDE NEUBAUTEN - Die Hamletmaschine,,,My Playlist,playlist
OTZE - Party Im Cannabisbeet,,,My Playlist,playlist
AGENT PROVOCATEUR FEATURING SIOBHAN FAHEY - She's Lost Control (12") – Sanctuary,,,My Playlist,playlist
PACHA WAKAY MUNAN - Pacha wakay munanqa,,,My Playlist,playlist
ANGEL BAT DAWID & NAIMA NEFERTARI - Black Stones Of Sirus,,,My Playlist,playlist
Elementi - luoghi vari, dal 2 maggio al 27 luglio 2025,,,My Playlist,playlist
VILHELM BROMANDER UNFOLDING ORCHESTRA - Calliope,,,My Playlist,playlist
RICCARDO LA FORESTA - 20230704_102400.jpg ft. Ale Hop, Anthony Pateras & Valerio Tricoli,,,My Playlist,playlist
PHILIPPE PETIT - Closing Our Eyes, Part 6,,,My Playlist,playlist
MARIA VIOLENZA & IRTUMBRANDA - Quannu iu moru,,,My Playlist,playlist
MARIA VIOLENZA & IRTUMBRANDA + TROPICANTESIMO - Pescheria session (estratto),,,My Playlist,playlist
PRINCE JAZZBO - Meet Me In The 6th Street,,,My Playlist,playlist
PRINCE JAZZBO - Zulu Land,,,My Playlist,playlist
U ROY - Dancehall Memories,,,My Playlist,playlist
PHONOLAB - Res Q Me – feat. Bill Laswell,,,My Playlist,playlist
PHONOLAB - Disturbia – feat. Mark Stewart,,,My Playlist,playlist
LEE PERRY WITH THE FLYING VICARS & SIR FREDDY VIADUCT - Scratch On The Wire,,,My Playlist,playlist
J ENNIFER LARA - We Can Make It Work – 7" Planets,,,My Playlist,playlist
PAOLO BALDINI DUBFILES MEETS QUEEN OMEGA - You Are Not Alone – 7" La Tempesta Dub,,,My Playlist,playlist
JAKOB BRO - THOMAS KNAK, G Major Song Rebuilt,,,My Playlist,playlist
ROY AYERS UBIQUITY - Everybody Loves the Sunshine,,,My Playlist,playlist
BLACKXWASH - Black Lazarus,,,My Playlist,playlist
BLACKXWASH - History Of Violence,,,My Playlist,playlist
NATIONAL INFORMATION SOCIETY - BITCHIN BAJAS, Only 9 Seconds Away,,,My Playlist,playlist
CHRISTER BOTHÉN 3 - L'INVISIBLE, Partie 2,,,My Playlist,playlist
CHRISTER BOTHÉN 3 - L'INVISIBLE, Partie 1,,,My Playlist,playlist
AngelicA 35 - Bologna, dal 30 aprile al 31 maggio 2025,,,My Playlist,playlist
CHARLEMAGNE PALESTINE & RHYS CHATHAM - Third (estratto),,,My Playlist,playlist
BLACKXWASH - Wake Up,,,My Playlist,playlist
TAMPAX - Tampax (In The Cunt) – 7" Compact Cassette Records,,,My Playlist,playlist
NATIONAL INFORMATION SOCIETY - BITCHIN BAJAS, Clock No Clock,,,My Playlist,playlist
TFW ORCHESTRA CONDUCTED BY MARCO COLONNA - Il palpitare della luce, parte I,,,My Playlist,playlist
MARCO COLONNA / FRANCESCO MAGGI / ESMERALDA SELLA - Second,,,My Playlist,playlist
LE CRI DU CAIRE Registrato al Bunker - Torino, 25 maggio 2024,,,My Playlist,playlist
LIL OBEAH - Dub Illusion,,,My Playlist,playlist
LIL OBEAH - Dub Children,,,My Playlist,playlist
LIL OBEAH MEETS GORDON WEDDERBURN - Dub Is Jazz,,,My Playlist,playlist
AA.VV. - The Time Warp,,,My Playlist,playlist
ANTONIO INFANTINO ED IL GRUPPO DI TRICARICO - L'Avola,,,My Playlist,playlist
DJ ZNOBIA - Zabinamina (feat Puto Prata),,,My Playlist,playlist
AGATHE MAX - The New Person We Are Becoming,,,My Playlist,playlist
VIOLENZA TROPICALE - Sicilian Ghost,,,My Playlist,playlist
MORE EAZE & CLAIRE ROUSAY - Popfields,,,My Playlist,playlist
GEORGETTE SAYEGH & MELHEM BARAKAT - Belghi Kull Mawaidi,,,My Playlist,playlist
AHMAD AL-SHAYKH - Harout lahzak (Bagdadi),,,My Playlist,playlist
SUNJU HARGUN - Lens of Time feat. GiGi FM,,,My Playlist,playlist
TUL WAITOONKIAT - Nueng Kamtham (Black Merlin Traverse Dub Mix),,,My Playlist,playlist
ANDREA BELLUCCI & MATTEO UGGERI - Other People Mourning, Drags Me Down,,,My Playlist,playlist
HEART OF SNAKE & MIRA - Chamaerops pt2 (estratto),,,My Playlist,playlist
ORKESTRA INVENTIVA SOM DE PUTÃO - Tá Gostoso ai Atrás,,,My Playlist,playlist
ORKESTRA INVENTIVA SOM DE PUTÃO - A Personificação do Putão,,,My Playlist,playlist
MYL TRIO (MIA ZABELKA - YOKO MIURA, LAWRENCE CASSERLEY), Infinite Realities,,,My Playlist,playlist
EVE RISSER – RED DESERT ORCHESTRA EXPERIENCE - Desert rouge,,,My Playlist,playlist
EVE RISSER – RED DESERT ORCHESTRA EXPERIENCE - Soyayya,,,My Playlist,playlist
SHITNEY - Act II: Lemon Yellow Sintered Micro Crystals,,,My Playlist,playlist
SIGNE EMMELUTH - GUOSTE TAMULINAYTE, Banshee 4.3,,,My Playlist,playlist
MASS OF MARY - Finale,,,My Playlist,playlist
MARIA FAUST JAZZ CATASTROPHE: 3RD MUTATION - Undine's Purse,,,My Playlist,playlist
ΤΈΤΟΣ ΔΗΜΗΤΡΙΆΔΗΣ / TETOS DEMETRIADES - Μισιρλού / Misirlou – 10" RCA Victor,,,My Playlist,playlist
DUB SPENCER & TRANCE HILL - Dead Souls,,,My Playlist,playlist
UMAR BIN HASSAN - Malcom,,,My Playlist,playlist
YUSEF A. LATEEF - High Life,,,My Playlist,playlist
ANDREA BELFI - Footprints,,,My Playlist,playlist
REVOLUTION RECORDS (teMraz / Ahmed Rock / C-Zar / Rooney Hoodstar / Shehab) - Eza El Shams Gher2et – RevRecordz,,,My Playlist,playlist
MIKE COOPER - Maria's Blues,,,My Playlist,playlist
VIVIAN JONES - Cyann Come A Roots – 7" Real Rock Records,,,My Playlist,playlist
ACRE - Dialettica della deriva,,,My Playlist,playlist
SHELTER & ORION WITH TURNER WILLIAMS JR - Sacsayhuaman,,,My Playlist,playlist
SHELTER & ORION WITH TURNER WILLIAMS JR - Krakatoa,,,My Playlist,playlist
VIVIAN JONES / REAL ROCK RHYTHM SECTION - Hornsman Style – 7" Real Rock Records,,,My Playlist,playlist
Il libro: "Musica Concreta" (Milieu Edizioni) - intervista al curatore Stefano Ghittoni,,,My Playlist,playlist
LE PETIT - Sukia,,,My Playlist,playlist
MAURIZIO MARSICO - Cinque,,,My Playlist,playlist
CHARLES MINGUS - Koko-Cherokee,,,My Playlist,playlist
KENNY DORHAM - Memories Of You / My One And Only Love,,,My Playlist,playlist
FREDDIE HUBBARD - True Colors, Breaking Point,,,My Playlist,playlist
THOLLEM MCDONAS - Worlds In A Life,,,My Playlist,playlist
GENERA - Impro #1,,,My Playlist,playlist
GENERA - Impro #2,,,My Playlist,playlist
GENERA - Impro #3,,,My Playlist,playlist
DEAN ROBERTS - My Diviner,,,My Playlist,playlist
EMAHOY TSEGUÉ-MARIAM GUÈBRU - Song Of The Sea,,,My Playlist,playlist
ROBERT FRIPP - God Save The Queen,,,My Playlist,playlist
DR. JOHN - THE NIGHT TRIPPER, Gris-Gris Gumbo Ya Ya,,,My Playlist,playlist
FABIANO DO NASCIMENTO - Ilza na Feijoada,,,My Playlist,playlist
DETONAZIONE - Assenza di pensiero,,,My Playlist,playlist
SKINCHANGER - Coven Crisis,,,My Playlist,playlist
GIBRANA CERVANTES - Vórtex submarino,,,My Playlist,playlist
MARIA MERLINO / THOLLEM MCDONAS - The Future Has Just Passed,,,My Playlist,playlist
MARIA MERLINO / THOLLEM MCDONAS - People Experience,,,My Playlist,playlist
VIRUS2020 - ft Ztella ft Ismael - Tassili,,,My Playlist,playlist
VIRUS2020 - Insomnia,,,My Playlist,playlist
TOSCANA ISOLAZIONISTA - estratto live,,,My Playlist,playlist
PUNK XEROX - Coriandoli,,,My Playlist,playlist
TOTALE! - Self Exorcitation Ritual Song,,,My Playlist,playlist
LINO CAPRA VACCINA - Spirituale,,,My Playlist,playlist
LINO CAPRA VACCINA - Mistica,,,My Playlist,playlist
LINO CAPRA VACCINA - Infinito,,,My Playlist,playlist
TANZ DER YOUTH - I'm Sorry, I'm Sorry – 7" Radar Records,,,My Playlist,playlist
THE DRIPPING LIPS - Once Upon A Time – 7" Alive Records,,,My Playlist,playlist
THE VIBRATORS - Every Dog,,,My Playlist,playlist
BRIAN JONES - Becoming A Nuisance (With Cheetah Chrome),,,My Playlist,playlist
FUR - Avant,,,My Playlist,playlist
LUCIA FUMER0 - L'oiseau,,,My Playlist,playlist
FRANCO D'ANDREA - Gary's Waltz,,,My Playlist,playlist
SÃO PAULO UNDERGROUND - The Love I Feel For You Is More Real Than Ever,,,My Playlist,playlist
FLORENCE ADOONI - A.E. O.I.U.,,,My Playlist,playlist
GOYA GUMBANI - Body,Mind,Spirit,,,My Playlist,playlist
CINDY LEE - Dracula,,,My Playlist,playlist
STEPHEN DAVIS UNIT - When We Were Gods,,,My Playlist,playlist
WHISPERING WORLDS - Cosmic Cliffs,,,My Playlist,playlist
WHISPERING WORLDS - Light Echoes,,,My Playlist,playlist
GABRIELE GASPAROTTI & BENEDETTA DAZZI - Scorrevole,,,My Playlist,playlist
GABRIELE GASPAROTTI & BENEDETTA DAZZI - Pie Jesu,,,My Playlist,playlist
GABRIELE GASPAROTTI & BENEDETTA DAZZI - L'Arcadia della mia giovinezza,,,My Playlist,playlist
GIULIO STERMIERI - Quando la città brucia,,,My Playlist,playlist
GIULIO STERMIERI - Spettri metrici (per A.R.),,,My Playlist,playlist
GIULIO STERMIERI - Solastalgia,,,My Playlist,playlist
GIULIO STERMIERI - If We Can't Dance,,,My Playlist,playlist
GIULIO STERMIERI - Strani anelli,,,My Playlist,playlist
GIULIO STERMIERI - More Ghosts Of Our Failures (per R.S.),,,My Playlist,playlist
GIULIO STERMIERI - In Front Of Snipers,,,My Playlist,playlist
MAI MAI MAI - Πέτρα (Petra),,,My Playlist,playlist
SHALL REMAIN NAMELESS - For The Forgotten,,,My Playlist,playlist
VERCKYS - Reste Avec Moi,,,My Playlist,playlist
LE TOUT-PUISSANT O.K. JAZZ - Mambu Ma Miondo,,,My Playlist,playlist
GUELEWAR - Yaye Boul Ma Bayi,,,My Playlist,playlist
MASEKELA INTRODUCING HEDZOLEH SOUNDZ - Adade,,,My Playlist,playlist
PROFESSEUR BYLLEDEY - N'Gbé Kinhô,,,My Playlist,playlist
SUPER BITON DE SEGOU - Bara Musso,,,My Playlist,playlist
MAI MAI MAI FEAT. OSAMA ABU ALI - Jinn Of The Bethlehem Souk,,,My Playlist,playlist
GNOD & WHITE HILLS - Round-A-Round,,,My Playlist,playlist
LONNIE HOLLIE - We Was Kings In The Jungle, Slaves In The Field,,,My Playlist,playlist
MOHAMMAD MOSTAFA HEYDARIAN - Nishtemân,,,My Playlist,playlist
SKIANTOS - Non puoi troncarmi un Rock,,,My Playlist,playlist
MAURIZIO ABATE & LUCA VENITUCCI - Taking the First Step (At Dawn),,,My Playlist,playlist
CLAUDO COJANIZ - ALESSANDRO TURCHET, Big Sur,,,My Playlist,playlist
ONILU - Grasta Maol,,,My Playlist,playlist
ONILU - A Meta Onilu,,,My Playlist,playlist
MAURIZIO ABATE & LUCA VENITUCCI - Compass/Antennas/Holiness,,,My Playlist,playlist
OTPMD - Ils disent,,,My Playlist,playlist
MICHAEL GREGORY JACKSON - Heart & Center,,,My Playlist,playlist
LONNIE HOLLIE - That's Not Art, That's Not Music,,,My Playlist,playlist
LOS PANTEROS - Zalimou el 7osni,,,My Playlist,playlist
NAHAWA DOUMBIA - Mal Ni Wula,,,My Playlist,playlist
THE OUTSKIRTS - The Love You Lost On Me,,,My Playlist,playlist
ROB MAZUREK EXPLODING STAR ORCHESTRA - Psycho-Chambers (Prisms #1 > #5),,,My Playlist,playlist
NOVOSIBIRSK SYMPHONY ORCHESTRA - Montagues And Capulets,,,My Playlist,playlist
LAURIE ANDERSON - Set and Reset,,,My Playlist,playlist
THIERRY DE MEY - PETER VERMEERSCH, Movement II,,,My Playlist,playlist
FLESHQUARTET - Innocent,,,My Playlist,playlist
ARNALDO ANTUNES - Momento I,,,My Playlist,playlist
THE TRACTOR'S REVENGE - OHAD NAHARIN, Echad Mi Yodeha,,,My Playlist,playlist
WOVEN HAND - ULTIMA VEZ, Cripplegate (Standing On a Glass),,,My Playlist,playlist
KHALAB & M'BERRA ENSEMBLE - We Are M'berra / Dancing In A Desert Moon,,,My Playlist,playlist
FRENTE CUMBIERO MEETS MAD PROFESSOR - ChucuSteady Dub,,,My Playlist,playlist
LEE PERRY & THE UPSETTER - Dub Revolution Part 1,,,My Playlist,playlist
ANNE PIGALLE - Letter To An Imaginary Lover,,,My Playlist,playlist
PEOPLE LIKE US & ERGO PHIZMIZ - Gary's Anatomy,,,My Playlist,playlist
YAO BOBBY & SIMON GRAB - Kpalongo,,,My Playlist,playlist
PARK JIHA - Ethernal Path,,,My Playlist,playlist
ASTRAL SYNDICATE - Sacred Ground,,,My Playlist,playlist
J. ROBINSON WITH L. STEVENSON - MC Hammer,,,My Playlist,playlist
M. PALMER - Grace Will Lead Me On,,,My Playlist,playlist
ERICK KLINGA - Luminious Rays,,,My Playlist,playlist
RICK KLINGA - Rarefaction,,,My Playlist,playlist
FLEUR DE FEU - How Shall I Begin My Song?,,,My Playlist,playlist
ALESSANDRO ADELIO ROSSI - Bosco,,,My Playlist,playlist
ALESSANDRO ADELIO ROSSI - Legni con cavità tiglio naturali, "Abbecedario naturale - Original soundtrack " – Autoproduzione,,,My Playlist,playlist
D. JUSTICE - Take Me To The King,,,My Playlist,playlist
J. HEMPHILL - Living Testimony,,,My Playlist,playlist
J. HEMPHILL - Open The Floodgates Of Heaven,,,My Playlist,playlist
C.A.E.- CREATIVE ART EXPERIMENT - Four Fairy Tales Pt. 4,,,My Playlist,playlist
OTOMO YOSHIHIDE NEW JAZZ QUINTET - Reducing Agent,,,My Playlist,playlist
OTOMO YOSHIHIDE NEW JAZZ QUINTET - Straight Up and Down,,,My Playlist,playlist
OTOMO YOSHIHIDE NEW JAZZ QUINTET - Clear Skies On Wednesday, November 18, 2022,,,My Playlist,playlist
OTOMO YOSHIHIDE NEW JAZZ QUINTET - Hat & Beard,,,My Playlist,playlist
OTOMO YOSHIHIDE NEW JAZZ QUINTET - Lonely Woman,,,My Playlist,playlist
OTOMO YOSHIHIDE NEW JAZZ QUINTET - Song for NMA,,,My Playlist,playlist
FIORELLA MANNOIA - Quello che un uomo sostiene le donne non dicano (Valentina Magaletti mix),,,My Playlist,playlist
CATHERINE JAUNIAUX & IKUE MORI - Betty Boop,,,My Playlist,playlist
CAROLEE SCHNEEMANN - Mother Lexicon,,,My Playlist,playlist
DANIEL CARTER - AYUMI ISHITO, Rhymes Times,,,My Playlist,playlist
DANIEL CARTER - AYUMI ISHITO, Grave Fortune,,,My Playlist,playlist
STEPHEN DAVIS UNIT - When We Were Gods,,,My Playlist,playlist
GODSPEED YOU! BLACK EMPEROR - Grey Rubble - Green Shoot da "No Title Aa Of 13 February 2024 28,340 Dead" - Constellation Records,,,My Playlist,playlist
CTM FESTIVAL 2025 - 26° edizione, Berlino, 24 gennaio - 2 febbraio 2025,,,My Playlist,playlist
JAISALMER DESERT FESTIVAL - Rajasthan, India, 10 - 12 febbraio 2025,,,My Playlist,playlist
LUCY RAILTON - 5 S-Bahn Part 1,,,My Playlist,playlist
TAKKAK TAKKAK - Dedemint,,,My Playlist,playlist
Rebecca Salvadori - speech,,,My Playlist,playlist
BHUNGAR KHAN SYMPHONY - Khama Ghani Song - Autoproduzione,,,My Playlist,playlist
STEPHEN DAVIS UNIT - Deer Antler Spry,,,My Playlist,playlist
30 DOOR KEY - Boscawen-ûn,,,My Playlist,playlist
ISAIAH COLLIER / WILLIAM HOOKER / WILLIAM PARKER - 2023-05-12 Set II,,,My Playlist,playlist
MARCO COLONNA / CHRISTIAN MUELA - Vitiurrrk Walk,,,My Playlist,playlist
THE STAR PILLOW - Bodies Tumbled Into Bodies,,,My Playlist,playlist
BARBARELLE - Exótica,,,My Playlist,playlist
CUCINA POVERA - Likaa liimaa,,,My Playlist,playlist
CUCINA POVERA - Tunnustus,,,My Playlist,playlist
CUCINA POVERA - Mesikämmenen veisu,,,My Playlist,playlist
MONOPOLY CHILD STAR SEARCHERS - Reverse Jumping Forms,,,My Playlist,playlist
MONOPOLY CHILD STAR SEARCHERS - Flying Dreams,,,My Playlist,playlist
MONOPOLY CHILD STAR SEARCHERS - From the Caves and Jungles of Apulia,,,My Playlist,playlist
DOLPHINS INTO THE FUTURE - In Hirokazu-san's Office …,,,My Playlist,playlist
DOLPHINS INTO THE FUTURE - Music from the Guardhouse (pt 4),,,My Playlist,playlist
ABDEL HALIM HAFEZ - Esbaqni Ya Albi,,,My Playlist,playlist
OUM KALTHOUM - Leh Telawaaini,,,My Playlist,playlist
SADAT/FIGO/HYSA - El Sokout – 7" 100Copies Music,,,My Playlist,playlist
REVOLUTION RECORDS (teMraz / Ahmed Rock / C-Zar / Rooney Hoodstar / Shehab) - Eza El Shams Gher2et – RevRecordz,,,My Playlist,playlist
MAYRA ANDRADE - Tchápu da Bandera (Live),,,My Playlist,playlist
DON KARATE - I Dance To The Silence,,,My Playlist,playlist
JAKO MARON - Zésprimaron,,,My Playlist,playlist
VIRUS2020 - Don't be a Maniac,,,My Playlist,playlist
SEWARD - Devoted To Moving Forward,,,My Playlist,playlist
SEWARD - Related Somehow,,,My Playlist,playlist
MATTEO BORTONE NO LAND'S - Pantheisme,,,My Playlist,playlist
DIANE BARBÉ - Les enlisées,,,My Playlist,playlist
LAMINA - Éclipse,,,My Playlist,playlist
PANCA BUANA REAK GROUP - Overture,,,My Playlist,playlist
VIRUS2020 - Insomnia,,,My Playlist,playlist
PUTAN CLUB - Meyduse,,,My Playlist,playlist
IL FATTORE UMANO: Ultima Fermata (The Last Ride) di Angelo Loy - Martino Mazzonis e Luigi Montebello, con la partecipazione di Tom Waits, Rai 3, martedì 25 febbraio 2025,,,My Playlist,playlist
DEREK BAILEY / JAMIE MUIR - Carminative,,,My Playlist,playlist
MICHAEL GILES / JAMIE MUIR / DAVID CUNNINGHAM - Spillers Village,,,My Playlist,playlist
PARUS - Ivanskaja Nocka,,,My Playlist,playlist
PARUS - Salavia,,,My Playlist,playlist
PARUS - Poidu z v les,,,My Playlist,playlist
PARUS - Sulle tracce del siniscalco,,,My Playlist,playlist
PARUS - Cuori rossi,,,My Playlist,playlist
MICHIKO OGAWA - impro #1,,,My Playlist,playlist
ESTEBANICOMENA - Invitación,,,My Playlist,playlist
OKSANA LINDE - Casino Playa Caribe,,,My Playlist,playlist
SONIC YOUTH - I Wanna Be Your Dog,,,My Playlist,playlist
HOLIDAY INN - Mushroom,,,My Playlist,playlist
SUN CITY GIRLS - Blue Mamba,,,My Playlist,playlist
MVB - Soon (The Andrew Weatherall Mix),,,My Playlist,playlist
JAMES BRANDON LEWIS TRIO - Prince Eugene,,,My Playlist,playlist
AREA SISMICA - Ravaldino in Monte (FC), febbraio – marzo 2025,,,My Playlist,playlist
THE OUTSKIRTS - The Love You Lost On Me (excerpt),,,My Playlist,playlist
JOONA TOIVANEN TRIO - Stating Model,,,My Playlist,playlist
DAVID LORD - Myristoma,,,My Playlist,playlist
BRÛLEZ LES MEUBLES - Vagues/Spider song,,,My Playlist,playlist
JAMES BRANDON LEWIS TRIO - Five Spots to Caravan,,,My Playlist,playlist
RENATO GRIECO & CANEDICODA - Torcivolto,,,My Playlist,playlist
LE GRAND K - trip9love--->per6volti%,,,My Playlist,playlist
PHILAMELIAN | ELIF YALVAÇ - Apátheia,,,My Playlist,playlist
ACRE - Altrove,,,My Playlist,playlist
ACRE - Dialettica della deriva,,,My Playlist,playlist
PÖ - F*ck Jungle,,,My Playlist,playlist
MONA MATBOU RIAHI - Nebulift,,,My Playlist,playlist
HEITOR VILLA-LOBOS - Rodante (Simples Coletânea - Peça N. 3),,,My Playlist,playlist
HEITOR VILLA-LOBOS - Danças Africanas; Kankukus,,,My Playlist,playlist
HEITOR VILLA-LOBOS - Danças Africanas; Kankikis,,,My Playlist,playlist
CLARICE ASSAD - KRYSTIN O'MARA, Macunaíma Pt. II,,,My Playlist,playlist
ELZA SOARES - LARAAJI, Coração Do Mar - Laraaji Remix,,,My Playlist,playlist
SECOS & MOLHADOS - O Hierofante, fa "Secos & Molhados" - Continental,,,My Playlist,playlist
EMICIDA - RAEL, Obrigado, Darcy! (O Brasil que vai além),,,My Playlist,playlist
AMINA & AMIRI BARAKA - Being Colored / Chazz,,,My Playlist,playlist
HAMID DRAKE & BINDU - Take Us Home,,,My Playlist,playlist
DAVE SOLDIER & SOLDIER STRING QUARTET - Another Man Done Gone,,,My Playlist,playlist
WILLIAM S. BURROGHS & DISPOSABLE HEROES OF HIPHOPRISY - Spare Ass Annie,,,My Playlist,playlist
LAIBACH - Opus Dei ЯƎ,,,My Playlist,playlist
ANA GONZALEZ GAMBOA & THOMAS PIZZINI - A Lover To Come,,,My Playlist,playlist
JOHN SURMAN - Beyond The Hill,,,My Playlist,playlist
ANTHONY JOSEPH - An Afrofuturist Poem,,,My Playlist,playlist
LA BOA MEETS TONY ALLEN - Tarifa Plena (feat N.Hardem),,,My Playlist,playlist
LAIBACH - Transnational ЯƎ,,,My Playlist,playlist
THORN WYCH - Anaro Knows,,,My Playlist,playlist
THORN WYCH - The Blue Rose Of Forgetfulness,,,My Playlist,playlist
CAROLINE ROSE - Strange Things,,,My Playlist,playlist
CAROLINE ROSE - To Be Lonely,,,My Playlist,playlist
KARIMA WALKER - Across The Great Divide,,,My Playlist,playlist
JOLIE HOLLAND - Bella Ciao,,,My Playlist,playlist
JOHN SURMAN - Mayflower,,,My Playlist,playlist
ONGON - Arca Tropicale ONGON, Danza Diwan ONGON, Lena ONGON, Voodoo Groove ONGON, Gnawon ONGON, Fela ONGON, Erbe come cuscino ONGON, Hope ALI DOĞAN GÖNÜLTAŞ, Em Kolîme,,,My Playlist,playlist
ALI DOĞAN GÖNÜLTAŞ - Klama Memo,,,My Playlist,playlist
ALI DOĞAN GÖNÜLTAŞ - Desmal,,,My Playlist,playlist
THE FOCUS GROUP - The Elektrik Karousel,,,My Playlist,playlist
RETEP FOLO - Galactic Swin,,,My Playlist,playlist
NEW AIR FEATURING CASSANDRA WILSON - Apricots On Their Wings,,,My Playlist,playlist
DJ SPOOKY THAT SUBLIMINAL KID - Not In Our Name Remix (featuring Saul Williams),,,My Playlist,playlist
DJ/RUPTURE & ANDY MOOR - Hot Pink Orleans,,,My Playlist,playlist
PHIL MINTON / VERYAN WESTON - Maggie And Milly And Molly And Mae,,,My Playlist,playlist
SEWARD - All Your Labors,,,My Playlist,playlist
ADRIANO ZANNI - Voleva tutto,,,My Playlist,playlist
ADRIANO ZANNI - Mi fanno male i capelli,,,My Playlist,playlist
ADRIANO ZANNI - Il fumo giallo,,,My Playlist,playlist
ZACCHAE'US PAUL Alright - da "Jazz Money (Instrumentals)" – Candid Records,,,My Playlist,playlist
THORN WYCH - Out Of The Eater Came Something To Eat,,,My Playlist,playlist
DROMEDARIES x ALEXOTERIC - Hermes Majesty 3.0 Firmware Safe Injection Site (Or How I Learned To Love The Demiurge),,,My Playlist,playlist
AGGRAPPATI AL MINIMO VITALE - Storia di musica e racconti di Resistenza, Teatro Splendor, Aosta, 15 febbraio 2025,,,My Playlist,playlist
A BAD DAY - Not In The Light, Not In The Darkness,,,My Playlist,playlist
A BAD DAY - Waves Become Clouds,,,My Playlist,playlist
SEWARD - Memories Of A Hundred People,,,My Playlist,playlist
ASAKAIRA - Asakaira,,,My Playlist,playlist
HEARTS & MINDS - Particle Field,,,My Playlist,playlist
THORN WYCH - Ramble In The Brambles,,,My Playlist,playlist
LUCA TREVISANI - Giungla da schermo,,,My Playlist,playlist
UNFALL - Due Nugoli,,,My Playlist,playlist
UNFALL - Scicli,,,My Playlist,playlist
UNFALL - Clusterfuck,,,My Playlist,playlist
UNFALL - Parto,,,My Playlist,playlist
UNFALL - Dominique,,,My Playlist,playlist
UNFALL - Die große Ekstase des Bildschnitzers Steiner,,,My Playlist,playlist
UNFALL - Vampires,,,My Playlist,playlist
UNFALL - Bird's Lament,,,My Playlist,playlist
KRIS DAVIS TRIO - Heavy Footed,,,My Playlist,playlist
KRIS DAVIS TRIO - Brainfeel,,,My Playlist,playlist
KRIS DAVIS TRIO - Albert Collins,,,My Playlist,playlist
KRIS DAVIS TRIO - Dolores,,,My Playlist,playlist
ANDREA MARTIGNONI - Definizione,,,My Playlist,playlist
ALE HOP & TITI BAKORTA - Bonne Année,,,My Playlist,playlist
THE MASTERS MUSICIANS OF JAJOUKA FEAT. BACHIR ATTAR - Alalilla 'About The Night,,,My Playlist,playlist
UNKNOWN ARTIST - Brao Lave Gongs,,,My Playlist,playlist
GEORGE CRUMB / CHARLES JONES WITH PAUL ZUKOFSKY - Black Angels, Part 1 Departure: I Threnody Night Of The Electric Insects,,,My Playlist,playlist
GEORGE CRUMB / CHARLES JONES WITH PAUL ZUKOFSKY - Black Angels, Part 1 Departure: II Sounds of Bones And Flutes,,,My Playlist,playlist
GEORGE CRUMB / CHARLES JONES WITH PAUL ZUKOFSKY - Black Angels, Part 1 Departure: III Lost Bells,,,My Playlist,playlist
GEORGE CRUMB / CHARLES JONES WITH PAUL ZUKOFSKY - Black Angels, Part 1 Departure: IV Devil-Music,,,My Playlist,playlist
GEORGE CRUMB / CHARLES JONES WITH PAUL ZUKOFSKY - Black Angels, Part 1 Departure: V Danse Macabre,,,My Playlist,playlist
RAJA KIRIK - Raja Edan,,,My Playlist,playlist
VALERIA CAPUTO - Vieni,,,My Playlist,playlist
ANDREA MARTIGNONI - Happiness - Original Soundtrack per il cortometraggio d'animazione di Andrey Zhidkov,,,My Playlist,playlist
DAMON LOCKS - Holding The Dawns in Place - International Anthem,,,My Playlist,playlist
SABA ALIZADEH - Women Of The Fire,,,My Playlist,playlist
JENNY SORRENTI & TULLIO ANGELINI - Pneumatos,,,My Playlist,playlist
JENNY SORRENTI & TULLIO ANGELINI - Psyché,,,My Playlist,playlist
VOLAPUK - Pas de Panique,,,My Playlist,playlist
DJ ZNOBIA - Mondandenguem,,,My Playlist,playlist
DJ ZNOBIA - Kuduro Ou Hundergound,,,My Playlist,playlist
LIGHTBULBS IN THE TREES - The Voices,,,My Playlist,playlist
ANDREW TUTTLE - Meg Lanning's Cut Shot,,,My Playlist,playlist
BHAJAN BHOY - Palidena,,,My Playlist,playlist
DIMITRI GRECHI ESPINOZA - La llaha lllallah,,,My Playlist,playlist
MARCUS I MEETS ADUBTA - Perfect Collie,,,My Playlist,playlist
FUTURESLOWDUBDISCO - Superpaesaggio 1 L'oggetto Rmx,,,My Playlist,playlist
FUTURESLOWDUBDISCO - Superpaesaggio 2,,,My Playlist,playlist
ITALGHANA & JANE WARRIAH - Don't Cooperate,,,My Playlist,playlist
CULTURE DUB ALL STARS / DREADSQUAD / BETHSABÉE / EL FATA / GURU POPE - Time To Rise Up – 7" Culture Dub Records,,,My Playlist,playlist
MICHAEL EXODUS MEETS LIBERTY STEP - Babylon Must Fall,,,My Playlist,playlist
MICHAEL EXODUS MEETS LIBERTY STEP - Striding Dub #2 (Michael Exodus),,,My Playlist,playlist
CLIFTON GIBBS & THE SOUL DEFENDERS - Serious Time – 7" Hornin' Sounds,,,My Playlist,playlist
BADBADNOTGOOD - Playground,,,My Playlist,playlist
VOLAPUK - Where is Tamashii?,,,My Playlist,playlist
VOLAPUK - Boom Boom,,,My Playlist,playlist
UNIONEN - Stahlbald,,,My Playlist,playlist
ROBERT LOGAN Anamnesis - da "Brutalist" - Slowfoot Records,,,My Playlist,playlist
MUSICHE NUOVE A PIACENZA 2025 - Auditorium Santa Margherita, Piacenza, 28 gennaio – 15 marzo 2025,,,My Playlist,playlist
ETERNAL TRIANGLE - Gravity,,,My Playlist,playlist
ETERNAL TRIANGLE - Timbala,,,My Playlist,playlist
DIAPHANE - Munich,,,My Playlist,playlist
IAN SLAVIN - Dawn Nine,,,My Playlist,playlist
IAN SLAVIN Dawn Three - da "New Dawns" – Nocturnal Rainbow Recordings,,,My Playlist,playlist
LIA BOSCH Infinity - da "Polar Code" – Glacial Movement Records,,,My Playlist,playlist
AKIRA SAKATA / GIOVANNI DI DOMENICO - Going To Sleep,,,My Playlist,playlist
CENTRO D'ARTE DELL'UNIVERSITÀ DI PADOVA - Padova, 31 gennaio-17 maggio 2025,,,My Playlist,playlist
KAFKA'S IBIKI - Side 1,,,My Playlist,playlist
STEFANO PILIA SPIRALIS AUREA - Imago,,,My Playlist,playlist
STEFANO PILIA SPIRALIS AUREA - Ouroboros,,,My Playlist,playlist
STEFANO PILIA SPIRALIS AUREA - Codexiii(O),,,My Playlist,playlist
STEFANO PILIA SPIRALIS AUREA - Ascensio,,,My Playlist,playlist
STEFANO PILIA SPIRALIS AUREA - Aurea Parte Uno,,,My Playlist,playlist
STEFANO PILIA SPIRALIS AUREA - Aurea Parte Due,,,My Playlist,playlist
STEFANO PILIA SPIRALIS AUREA - Spiralis,,,My Playlist,playlist
TORCHE ! - Ronde à retard, "Huit notions de détente" – Tour de Bras,,,My Playlist,playlist
OTOMO YOSHIHIDE'S NEW JAZZ QUINTET - Strawberry Fields Forever,,,My Playlist,playlist
ANNETTE PEACOCK - Real & Defined Androgens,,,My Playlist,playlist
PHEW - Signal,,,My Playlist,playlist
KLAXON GUEULE - Sifflant cette mélodie encore revenue,,,My Playlist,playlist
MAREK POSPIESZALSKI OCTET & ZOH AMBA - Anthropocene,,,My Playlist,playlist
WAAJU FEATURING MAJID BEKKAS - Barma Soussandi,,,My Playlist,playlist
WAAJU FEATURING MAJID BEKKAS - Lando,,,My Playlist,playlist
MICHAEL MANTLER'S NEW SONGS ENSEMBLE - Piacenza/Siena/Roma, 23/24/25 gennaio 2025,,,My Playlist,playlist
DIORAMA - Roma, 25 gennaio e 22 febbraio 2025,,,My Playlist,playlist
DAIMON - Ellipse,,,My Playlist,playlist
DAIMON - Pillow,,,My Playlist,playlist
FRANCESCO CAVALIERE - I-A-K Interplanetary-Abyssal-Kite side A,,,My Playlist,playlist
KLAUS WIESE - Shaira (The Poetess) II,,,My Playlist,playlist
MAPLE DEATH FEST - Roma, 25/26/27 gennaio 2025 - intervista a Jonathan Clancy,,,My Playlist,playlist
NOAH HOWARD GROUP - Introduction by Noah Howard / Lotus Flower,,,My Playlist,playlist
NOAH HOWARD GROUP - New York Subway,,,My Playlist,playlist
THE NOAH HOWARD QUARTET - Birds Of Beauty,,,My Playlist,playlist
PRINCE LASHA QUINTET FEATURING SONNY SIMMONS - Juanita,,,My Playlist,playlist
PRINCE LASHA QUINTET FEATURING SONNY SIMMONS - Lost Generation,,,My Playlist,playlist
ROBERTO MAGRIS EUROPLANE FOR JAZZ - Freedom Is Peace,,,My Playlist,playlist
AWEN - Mairead Nan Cuiread,,,My Playlist,playlist
AWEN - Mo Nighean Donn,,,My Playlist,playlist
CHAOS SHRINE - Malphas,,,My Playlist,playlist
CHAOS SHRINE - Scox (Laura Agnusdei rework),,,My Playlist,playlist
REINIS JAUNAIS - Saulee,,,My Playlist,playlist
ANNA FERRER - Son tus ojos dos puñales,,,My Playlist,playlist
ANNA FERRER Ella paupa com vol - da "Parenòstic" – La Castanya,,,My Playlist,playlist
THE HAPPY COUPLE Lullaby Of Broadland - da " Lullaby Of Broadland" –Dimple Discs,,,My Playlist,playlist
HUBERT KOSTKIEWICZ Guitar Solo 4 - da "Four Guitar Solos For Bemma Bar" –Pointless Geometry,,,My Playlist,playlist
HUBERT KOSTKIEWICZ Guitar Solo 1 - da "Four Guitar Solos For Bemma Bar" – Pointless Geometry,,,My Playlist,playlist
حمد [AHMED] - Oud Blues,,,My Playlist,playlist
PAT THOMAS - Step 5,,,My Playlist,playlist
ROB MAZUREK & BLACK CUBE SP - Oh Mother (Angels' Wings),,,My Playlist,playlist
WILLIAM PARKER with ROY CAMPBELL - DANIEL CARTER & ALAN SILVA, Eternal Flower,,,My Playlist,playlist
KATE TEMPEST - People's Faces,,,My Playlist,playlist
FURIO DI CASTRI - GIOVANNI FALZONE, ACHILLE SUCCI, FABIO GHIACHINO, MATTIA BARBIERI, Shades Of China,,,My Playlist,playlist
GIOVANNI DI DOMENICO - Part II - Melete feat. Eric Thielemans,,,My Playlist,playlist
MARMALSANA - Forvelu,,,My Playlist,playlist
MARMALSANA - Inundo,,,My Playlist,playlist
GIOVANNI DI DOMENICO - Part III - Mneme feat. Eric Thielemans,,,My Playlist,playlist
EIKO ISHIBASHI - JIM O'ROURKE, TATSUHISA YAMAMOTO, KEI MATSUMARU, GIOVANNI DI DOMENICO, Sakuraza Part II,,,My Playlist,playlist
CHRISTER BOTHÉN FEATURING BOLON BATA - Trance Dance,,,My Playlist,playlist
IRATION STEPPAS MEET D. ROOTICAL - Scud Missile (Remix),,,My Playlist,playlist
MANERI - COLONNA - SPERA - Casa del Jazz, Roma, 18 gennaio 2025,,,My Playlist,playlist
METJAZZ - Prato, 20 gennaio - 11 aprile 2025,,,My Playlist,playlist
CRYSTAL VOYAGER / U.F.OM - Self-Determination of the Cosmos / Harmonious Contact,,,My Playlist,playlist
CHRISTER BOTHÉN FEATURING BOLON BATA - Mimouna,,,My Playlist,playlist
FURIO DI CASTRI - GIOVANNI FALZONE, ACHILLE SUCCI, FABIO GHIACHINO, MATTIA BARBIERI, Sunday Afternoon,,,My Playlist,playlist
LUÍS LOPES HUMANIZATION 4TET - Suite II,,,My Playlist,playlist
EIKO ISHIBASHI - JIM O'ROURKE, TATSUHISA YAMAMOTO, KEI MATSUMARU, GIOVANNI DI DOMENICO, Sakuraza Part I,,,My Playlist,playlist
CHRIS CORSANO - The Full-Measure Washdown,,,My Playlist,playlist
CLASSICA ORCHESTRA AFROBEAT - For Stella,,,My Playlist,playlist
THE GREAT DEPARTED - St. Baghdadi's Celebrations,,,My Playlist,playlist
KARKHANA - Al Sal'awa,,,My Playlist,playlist
FADI TABBAL - My Doll,,,My Playlist,playlist
JAD ATOUI & KHODOR ELLAIK - Blackout,,,My Playlist,playlist
LOS PANTEROS - 24 Ribs ٢٤ ضُلع,,,My Playlist,playlist
STEVE SWELL'S IMBUED WITH LIGHT - Compositie#12 (excerpt),,,My Playlist,playlist
NA HAWA DOUMBIA - Demisen Kulu,,,My Playlist,playlist
DEMDIKE STARE - Feelings - Side B (estratto),,,My Playlist,playlist
JANEL LEPPIN ENSEMBLE VOLCANIC ASH - As Wide As All Outdoors,,,My Playlist,playlist
LA DÉMESURE DU PAS - Eau To Crunch,,,My Playlist,playlist
TOÀN & FRANCIS GRI - Rêve trois,,,My Playlist,playlist
LOS PANTEROS - Ya Tayren Tayer يا طيرٍ طاير,,,My Playlist,playlist
NA HAWA DOUMBIA - Jigi Yiri,,,My Playlist,playlist
TOMMASO ROLANDO / ANDY MOOR - Biscotti – A,,,My Playlist,playlist
SARA SERPA - Story 3 / Things Must Move Quickly,,,My Playlist,playlist
NIC T - Interlude,,,My Playlist,playlist
ONE ANOTHER ORCHESTRA - Charangalila da "One Another Orchestra" - Nato,,,My Playlist,playlist
KEVIN FIGES & JULIE TIPPETTS - Noh Market / Dune Dimensions / Puddle Jumping / Fish Basket / Duck Off da "Happy Apples" – SLAMCD,,,My Playlist,playlist
JOHN ZORN - JESSE HARRIS, – Every Moment After This da "Love Songs Live" - Tzadik,,,My Playlist,playlist
THUMBSCREW - Greenish Tents,,,My Playlist,playlist
NUDO - Anthem huichacolero,,,My Playlist,playlist
SHALL REMAIN NAMELESS - Shattered / Fake Anne,,,My Playlist,playlist
ZA! + TOMÁS DE PERRATE - Steve Kahn,,,My Playlist,playlist
RAFAEL TORAL - Take the Train,,,My Playlist,playlist
ALTO FUERO - Menero (Live Lost Music Festival 2023),,,My Playlist,playlist
ANDREA GROSSI BLEND 3 + JIM BLACK - Bad Axes,,,My Playlist,playlist
NWAKKE - Neva 4get, Mayb,,,My Playlist,playlist
BIANCA SCOUT - People,,,My Playlist,playlist
OY - Place Des Chlichés,,,My Playlist,playlist
STEEL PULSE - Your House, 7'' – Wise Man Doctrine,,,My Playlist,playlist
SHABAKA HUTCHINGS - Managing My Breath, What Fear Had Become ft. Saul Williams,,,My Playlist,playlist
CHRIS PITSIOKOS & OTOMO YOSHIHIDE - Lava Flow,,,My Playlist,playlist
RAFAEL TORAL - Take the Train,,,My Playlist,playlist
HOLY TONGUE MEETS SHACKLETON - The Fruit Of The Fall,,,My Playlist,playlist
GIOVANNI DI DOMENICO - Crapulando,,,My Playlist,playlist
ROBERTO FEGA - Ah Bir Ataş Ver,,,My Playlist,playlist
EVE LIBERTINE - Morning Session,,,My Playlist,playlist
ESY TADESSEE - Egzio,,,My Playlist,playlist
PETER EVANS TRIO - Freaks,,,My Playlist,playlist
GODSPEED YOU! BLACK EMPEROR - Baby's In A Thundercloud,,,My Playlist,playlist
ORQUESTRE TOUT PUISSANT MARCEL DUCHAMP - Ils Disent,,,My Playlist,playlist
PATRICIA BRENNAN SEPTET - Palo de Oros (Suite Of Coins),,,My Playlist,playlist
IBELISSE GUARDIA FERRAGUTTI - FRANK ROSELI, Saber do Mar,,,My Playlist,playlist
CURUMIN - Cherio,,,My Playlist,playlist
MESHELL NDEGONCELLO - Hatred,,,My Playlist,playlist
FLECA! - The Night of The Hunters,,,My Playlist,playlist
STEVE BERESFORD - Tendance,,,My Playlist,playlist
MOLLY NILSSON - Summer Cats,,,My Playlist,playlist
MAZZ SWIFT - Freedom House,,,My Playlist,playlist
JULIA SABRA - Dis, mais quand reviendras-tu?,,,My Playlist,playlist
ROB MAZUREK QUARTET - Nineteen Colors on a Three-Sided Box for Nuno Ramos,,,My Playlist,playlist
Dancity Winter Festival - Foligno, 27 & 28 dicembre 2024,,,My Playlist,playlist
CHINO AMOBI - Beaumont Girl ft. ThugPop,,,My Playlist,playlist
CHINO AMOBI - Small Rock ft. Emily Brown,,,My Playlist,playlist
AALY TRIO (MATS GUSTAFSSON/PETER JANSON/KJELL NORDESON) - Egypt Rock,,,My Playlist,playlist
DENNIS BOVELL & JANET KAY - Game Of Dubs,,,My Playlist,playlist
DB AT THE CONTROLS - Crying,,,My Playlist,playlist
FRANCESCO BEARZATTI / STEFANO RISSO / MATTIA BARBIERI - One Emo,,,My Playlist,playlist
ROB MAZUREK QUARTET - Three Colors on a Four-Sided Box for Ellsworth Kelly,,,My Playlist,playlist
SOLO PER LELIO / TUTTI PER LELIO - Noi non siamo Robinson Crusoe, Edoardo Marraffa & Sicilian Improvisers Orchestra, Curva Minore Contemporary Sounds 2024, Cantieri Culturali alla Zisa, Palermo, 19 dicembre 2024,,,My Playlist,playlist
ONLYFUCKINGLABELS - Festival di musica e discografia indipendente, CSA Sisma, Macerata, 21 dicembre 2024,,,My Playlist,playlist
TRANS UPPER EGYPT - Benghe,,,My Playlist,playlist
KAMALESH MAITRA - Raag Kirwani,,,My Playlist,playlist
VINCENZO DELLA RATTA - Morning & Night Ceremony (Suite),,,My Playlist,playlist
CHINO AMOBI - Aztlan ft. ThugPop,,,My Playlist,playlist
IRNERIO 45C (my voice my void #2) - Bologna, 18 dicembre 2024,,,My Playlist,playlist
ALTERA - Roma, 18 dicembre 2024,,,My Playlist,playlist
MAZZ SWIFT - Eye Woke Up / O Brother,,,My Playlist,playlist
MAZZ SWIFT - Don'I Know-dis…?,,,My Playlist,playlist
AALY TRIO (MATS GUSTAFSSON/PETER JANSON/KJELL NORDESON) - Soul Brother Genius,,,My Playlist,playlist
DJBLACKMETA - Voices From Natchez Trace,,,My Playlist,playlist
THE FEARLESS FIVE - Lady Orlando,,,My Playlist,playlist
THE FEARLESS FIVE - Infant,,,My Playlist,playlist
THE FEARLESS FIVE - Fragile,,,My Playlist,playlist
FLECA! - Seneca,,,My Playlist,playlist
FLECA! - Apri Grande,,,My Playlist,playlist
SLIDERS - Ionen,,,My Playlist,playlist
SLIDERS - Ida Lupino,,,My Playlist,playlist
ANNIE ANXIETY BANDEZ - As I Lie In Your Arms,,,My Playlist,playlist
A.R. KANE - When You're Sad (Long Version) – 12" One Little Indian,,,My Playlist,playlist
BENJAMIN ZEPHANIAH VS. RODNEY P - Rong Radio Dub,,,My Playlist,playlist
SARAH NEUFELD - RICHARD REED PARRY, REBECCA FOON, Maroia,,,My Playlist,playlist
MICHAEL SARIAN / MATTHEW PUTMAN / LEDIAN MOLA / FEDERICO UGHI - Water And Fish,,,My Playlist,playlist
PRINCE FATTY - Come As You Are Dub,,,My Playlist,playlist
PRINCE FATTY - Smells Like Teen Spirit ft. Soothsayers Horns – 7" Lovedub Limited,,,My Playlist,playlist
JAMIE SAFT TRIO - Pannonica,,,My Playlist,playlist
LUCIA FESTIVAL - Firenze, dal 12 al 15 dicembre 2024,,,My Playlist,playlist
DEMETRIO STRATOS: FINO AI LIMITI DELL'IMPOSSIBILE - Ravenna, 14 - 22 dicembre e 7 - 31 gennaio 2024,,,My Playlist,playlist
DJ ANDERSON DO PARAISO - Todas Elas Ao Mesmo Tiempo ft. MC Mr. Bim, MC PR,,,My Playlist,playlist
MONOPOLY CHILD STAR SEARCHERS - Mandarin Cape Forms by Rygel,,,My Playlist,playlist
JOHN HUDAK - Field House Five 3,,,My Playlist,playlist
MICHAEL SARIAN / MATTHEW PUTMAN / LEDIAN MOLA / FEDERICO UGHI - I Want To Be With You Everyday,,,My Playlist,playlist
MAURICIO TAKARA / CARLA BOREGAS - Aurino,,,My Playlist,playlist
MESCHIYA LAKE AND ERIKA LEWIS AS THE MAGNOLIA BEACON - High Topped Mountain,,,My Playlist,playlist
LEAH SONG FEAT DAVID BROWN - Love Stays,,,My Playlist,playlist
NUMATIK WITH BIKO CASINI AND IBRO DIOUBATE - Kakelambe,,,My Playlist,playlist
EMILIANO PENNISI - Hexacorallia 1 (estratto),,,My Playlist,playlist
ERRICHETTA FESTIVAL - Roma & Riofreddo, 12-15 dicembre 2024,,,My Playlist,playlist
ABSTRACT CONCRETE - Milano/Macerata/Bologna, 13-15 dicembre 2024,,,My Playlist,playlist
FREE! MAVARTA MUSIC LIVE - Sant'Ilario d'Enza (RE), dal 13 dicembre 2024 al 15 febbraio 2025,,,My Playlist,playlist
DOUG CARN - Moon Child Parts 1 & 2,,,My Playlist,playlist
JOSHUA ABRAMS - Abide In Sunset,,,My Playlist,playlist
PHAROAH CHROMIUM - Une photographie à deux dimensions…" - da "Jean Genet. Quatre heures à Chatila,,,My Playlist,playlist
LAMIN FOFANA - Blues,,,My Playlist,playlist
MONOPOLY CHILD STAR SEARCHERS - Acrobatic Forms of Temple Ants,,,My Playlist,playlist
DEENA ABDELWAHED / NICK LEÓN / JULMUD - Mangrove,,,My Playlist,playlist
GOOD SAD HAPPY BAD - After Spirit,,,My Playlist,playlist
RIONE ROMA PERFORMING TOUR - l'inaspettato tra i vicoli: le arti invadono il centro storico tra suoni, corpi in movimento e storie condivise, Roma, 4 - 8 dicembre 2024,,,My Playlist,playlist
MAI MAI MAI - Journées Bleues: acqua dolce e acqua salata, Villa Medici, Roma, 6 dicembre 2024,,,My Playlist,playlist
GIANLUIGI TROVESI e MARCO REMONDINI - TroveRemo. Alla ricerca di ciò che non esiste, Presentazione CD e Live, Palazzo Bernardini, Matera, 6 dicembre 2024,,,My Playlist,playlist
PAUL DUNMALL - Prepare Your Peace,,,My Playlist,playlist
PAUL DUNMALL / PAUL ROGERS / TONY LEVIN - The Good Feelings,,,My Playlist,playlist
TEMPUNAUT - Butain,,,My Playlist,playlist
MONOPOLY CHILD STAR SEARCHERS - From The Caves & Jungles Of Apulia,,,My Playlist,playlist
TAKE FIVE - dal 6 all'8 dicembre 2024, Roma,,,My Playlist,playlist
DISSIPATIO FEST 2024 - 6 dicembre 2024, Cesena,,,My Playlist,playlist
ADRIANO ZANNI - Zone temporaneamente autonome,,,My Playlist,playlist
GIANLUCA BECUZZI - Persistence,,,My Playlist,playlist
EUGENIO RENZETTI GROUP ZERO MIT FEDERICO SANGUINETI - La Metamorfosi,,,My Playlist,playlist
GASPARE DI LIETO - Amiri Baraka - Being Colored,,,My Playlist,playlist
QOA - Ciervo De Los Patanos,,,My Playlist,playlist
"A CONSTRUCTED WORLD THE DEVELOPMENT OF VOICE" - Sergio Armaroli e Steve Piccolo - 3 e 4 dicembre 2024, Milano,,,My Playlist,playlist
MERIDIAN BROTHERS - 3 e 4 dicembre 2024, Bologna e Roma,,,My Playlist,playlist
C6Fe2RN6 (ROB MAZUREK/NICK TERRY) - Water Soluble Matter,,,My Playlist,playlist
ELIO MARTUSCIELLO/OSSATURA - Priva di impronte laterali,,,My Playlist,playlist
SHALL REMAIN NAMELESS - Black Ice,,,My Playlist,playlist
EVAN PARKER TRIO - GENZIANA #1,,,My Playlist,playlist
EVAN PARKER TRIO - GENZIANA #2,,,My Playlist,playlist
HONG SUNG HYUN ART COMPANY - East Wind,,,My Playlist,playlist
HONG SUNG HYUN ART COMPANY - Chobeolbi,,,My Playlist,playlist
HONG SUNG HYUN ART COMPANY - Highway,,,My Playlist,playlist
HONG SUNG HYUN ART COMPANY - The wish,,,My Playlist,playlist
HONG SUNG HYUN ART COMPANY - How Loud The Rain Is,,,My Playlist,playlist
LUCIAN BAN / MATT MANERI - The Boyar's Doina,,,My Playlist,playlist
STYLIANOS OU & THE CORTISOL COWS - Houellebecq My Brother!,,,My Playlist,playlist
STYLIANOS OU & THE CORTISOL COWS - Death Will Come,,,My Playlist,playlist
MR. HENRY - Out There,,,My Playlist,playlist
IVANO NARDI SOLO/ENSEMBLE - Musica Impura,,,My Playlist,playlist
IVANO NARDI SOLO/ENSEMBLE - Arancione,,,My Playlist,playlist
IVANO NARDI SOLO/ENSEMBLE - Abracadabra,,,My Playlist,playlist
PEDRO MELO ALVES - Audrey Chen,,,My Playlist,playlist
PEDRO MELO ALVES - Violeta Garcia,,,My Playlist,playlist
MUSICA IN PROSSIMITÀ - Pinerolo, 29 novembre - 1 dicembre 2024,,,My Playlist,playlist
ORCHESTRE TOUT PUISSANT MARCEL DUCHAMP - Smiling Like A Flower,,,My Playlist,playlist
HACKEDEPICCIOTTO - The 7th Day,,,My Playlist,playlist
ROBERTO FEGA - Drama Köprüsü,,,My Playlist,playlist
LUCIAN BAN / MATT MANERI - Harvest Moon Ballad,,,My Playlist,playlist
DENNIS BOVELL / MATUMBI - Fire Dub,,,My Playlist,playlist
SPACCAMONTI/CAUDURO - minitour dal 29 novembre al 9 gennaio 2025,,,My Playlist,playlist
KLANG: ETIMO - Lauren Maria/Bela - Roma, 29 novembre 2024,,,My Playlist,playlist
BERNE/NEALAND/ROBERTS "Oceans And" - Roma, 28 novembre 2024,,,My Playlist,playlist
TIM BERNE/HANK ROBERTS - Temporary Sanity,,,My Playlist,playlist
PIOTR DĄBROWSKI / GIACOMO SALIS / PAOLO SANNA - Ahinsa - part 1 (estratto) - Dissipatio,,,My Playlist,playlist
ANGELO CONTINI / PASQUALE "LINO" LIGUORI - Altair,,,My Playlist,playlist
JOE FONDA QUARTET - Inspiration Opus #1,,,My Playlist,playlist
NEXUS - Out To Lunch,,,My Playlist,playlist
DENNIS BOVELL DUB BAND - Suffrah Dub (Sufferer Sound Disco 45),,,My Playlist,playlist
HEITH - Doomer,,,My Playlist,playlist
ALBERT AYLER / DON CHERRY / SONNY MURRAY / JOHN TCHICAI / ROSWELL RUDD / GARY PEACOCK - Don's Dawn,,,My Playlist,playlist
GHÉDALIA TAZARTÈS - Une éclipse totale de soleil I,,,My Playlist,playlist
SIMPLISTS - Kkal Dub,,,My Playlist,playlist
HOLIDAY INN - Mushroom,,,My Playlist,playlist
ALFA SUSPIRIA - Obsession,,,My Playlist,playlist
RADIO HITO - Il mio amore si espande,,,My Playlist,playlist
ELIANE RADIGUE - Etude,,,My Playlist,playlist
PAT THOMAS - Step 4,,,My Playlist,playlist
Il Libro: LAWRENCE D. "BUTCH" MORRIS - L'arte della Conduction - Libreria Musicale Italiana - Intervista alla curatrice Daniela Veronesi LAWRENCE D. "BUTCH" MORRIS, Conduction #15, Part III,,,My Playlist,playlist
LAWRENCE D. "BUTCH" MORRIS - Conduction No. 135, Sheng Skyscraper,,,My Playlist,playlist
LAWRENCE D. "BUTCH" MORRIS - Induction No. 2/1, Emyoueseyesee.it,,,My Playlist,playlist
BUTCH MORRIS - Current Trends In Racism In Modern America, Part One,,,My Playlist,playlist
ELUCID - CCTV ft. Creature,,,My Playlist,playlist
SOLO PER LELIO 2024 - Palermo, dal 23 novembre al 19 dicembre 2024,,,My Playlist,playlist
BEATRICE ANTOLINI - mini tour,,,My Playlist,playlist
PAOLO ANGELI - Torino, 22 novembre 2024,,,My Playlist,playlist
SARINE - Les Yeux De La Route,,,My Playlist,playlist
JONAS CAMBIEN'S MACA CONU - Once Low Now High,,,My Playlist,playlist
JONAS CAMBIEN'S MACA CONU - Holy Fishtail,,,My Playlist,playlist
GONCALO ALMEIDA - Restraint I,,,My Playlist,playlist
MATTHEW SHIPP - The Data #1,,,My Playlist,playlist
MATTHEW SHIPP - The Data #9,,,My Playlist,playlist
PAT THOMAS - Step 1,,,My Playlist,playlist
DANIELA HUERTA - Hálito,,,My Playlist,playlist
ELUCID - Bad Pollen ft. Billy Woods,,,My Playlist,playlist
ÀLTERA - Circolo Fanfulla, Roma, 20 novembre 2024,,,My Playlist,playlist
BENDIK GISKE - Milano e Roma, 20 - 21 novembre 2024,,,My Playlist,playlist
SARINE - Asas Terrenas (Exordium),,,My Playlist,playlist
NANCY TUNGSTEN - Want You (To Leave),,,My Playlist,playlist
TEHO TEARDO & BLIXA BARGELD - tour italiano, 19-24 novembre 2024,,,My Playlist,playlist
MAURO ORSELLI 'PROPOSTA MUSICALE' - Teatro Il Cantiere G. Modena, Roma, 19 novembre 2024,,,My Playlist,playlist
LILIANE CHLELA - Trenta Formiche, Roma, 19 novembre 2024,,,My Playlist,playlist
FELICIA ATKINSON - Lukewarm,,,My Playlist,playlist
GIOVANNI DI DOMENICO - Crapulando,,,My Playlist,playlist
Amirtha Kidambi voce - harmonium, sintetizzatore,,,My Playlist,playlist
Jason Nazary batteria - elettronica,,,My Playlist,playlist
QUINCY. A Life Beyond Measure - Film di Alan Hicks e Rashida Jones, 2018 (Trailer),,,My Playlist,playlist
QUINCY JONES - Foul Owl,,,My Playlist,playlist
QUINCY JONES - Call Me Mister Tibbs (Main Title),,,My Playlist,playlist
QUINCY JONES FEATURING HERBIE HANCOCK - The Good, The Bad And The Ugly,,,My Playlist,playlist
CANICOLA 20 X 10 MAPLE DEATH - 20 Years Of Visions, Balloons And Vrooms, 10 Years Of Dreamers, Outsiders & Sgronk, TPO, Bologna, 16 novembre 2024,,,My Playlist,playlist
NEXUS - Lotsa Potsa,,,My Playlist,playlist
MAYFLOWER MADAME - Inside For The Morning Hours,,,My Playlist,playlist
COMAMBIENT - Partenza dalla costa est,,,My Playlist,playlist
COMAMBIENT - Il messaggio sotto al tumulo,,,My Playlist,playlist
JAZZ NEGLI ORTI a cura di Nazim Comunale - Reggio Emilia,,,My Playlist,playlist
LAMINA - Éclipse,,,My Playlist,playlist
ANNALISA SACCHI - Inappropriabili. Relazioni, opere e lotte nelle arti performative in Italia (1959-1979) - Marsilio,,,My Playlist,playlist
GIORGIO RIMONDI - L'impossibile necessario. Hantologia e Afrofuturismo - Mimesis,,,My Playlist,playlist
MATTEO GUARNACCIA - Santi e briganti. Ritratti gentili di artisti, rivoluzionari e guru - Shake Edizioni,,,My Playlist,playlist
LUIGI NONO - La fabbrica illuminata. Per voce e nastro magnetico- Wergo,,,My Playlist,playlist
ALBERTO GRIFI - Per salvare Anna,,,My Playlist,playlist
ALBERTO GRIFI - Se ci fosse una porta busserei,,,My Playlist,playlist
THE SCIENTIST - Higher Meditation,,,My Playlist,playlist
INVISIBILI CITTA' - OMAGGIO A ITALO CALVINO Michisanti/Ninfa/Manera - Milano, 16 novembre 2024,,,My Playlist,playlist
KOKOROKO - Three Piece Suit featuring Azeke,,,My Playlist,playlist
LUX QUARTET - Congratulations of Condolences,,,My Playlist,playlist
PER TEXAS JOHANSSON - Sent i livet,,,My Playlist,playlist
BEN VIDA with YARN/WIRE and NINA DANTE - Who's Haunting Who Here,,,My Playlist,playlist
FEEO - heavy as a birthright,,,My Playlist,playlist
SHABAKA HUTCHINGS - Managing My Breath, What Fear Had Become,,,My Playlist,playlist
VALENTINA MAGALETTI/YVES CHAUDOUËT - Batterie Fragile,,,My Playlist,playlist
TRACY LISK/ROBERTO BELLATALLA/MARIO GABOLA - Napoli, 9 novembre 2024,,,My Playlist,playlist
TRACY LISK/ANDREA PENSADO - The Unredeemable - autoprodotto,,,My Playlist,playlist
VIVIAN SUGAR LOVE JONES - You Say It Best,,,My Playlist,playlist
VIVIAN JONES - Return Ticket – 7" Partial Records,,,My Playlist,playlist
NICOLA RATTI - Ogni tanto passava una nave,,,My Playlist,playlist
HOLY TONGUE - Angelo Mai, Roma, 15 novembre 2024,,,My Playlist,playlist
JOËLLE LÈANDRE TIGER TRIO - Tiger Trio # 1,,,My Playlist,playlist
JOËLLE LÈANDRE ROARING TREE - Roaring Tree # 2,,,My Playlist,playlist
JOËLLE LÈANDRE-FRED MOTEN - Hughson's Tavern (Excerpt),,,My Playlist,playlist
ATLANTIC AVE. SEPTET - Atlantic Ave. #1,,,My Playlist,playlist
LUKE STEWART SILT TRIO - The Slip,,,My Playlist,playlist
MARTA DE PASCALIS - Sabbie,,,My Playlist,playlist
QUARTETTO LOCO - Chersongno,,,My Playlist,playlist
LAETITIA SADIER - tour italiano, Bologna, Roma. Avellino, Milano, Perugia, 5 – 9 novembre 2024,,,My Playlist,playlist
PJ HARVEY - Man Size,,,My Playlist,playlist
JULIE TIPPETTS & MARTIN ARCHER - Illusion Suite: Chances,,,My Playlist,playlist
KEITH & JULIE TIPPETT - COUPLE IN SPIRIT - Riding,,,My Playlist,playlist
JULIE TIPPETTS - Lillies,,,My Playlist,playlist
KEITH TIPPETT - JULIE TIPPETTS, PHILIP GIBBS, PAUL DUNMALL, Mahogany Rain,,,My Playlist,playlist
DOORTRI - Ventricles Tentacles: Untilted (Untitled), The Generation Game, Monkey Christ, Shumiki, Shumy, Shumischi + Jelly Belly,,,My Playlist,playlist
LOUIE.LOU - En början ett slut,,,My Playlist,playlist
STANZE SONORE II edizione - dal 3 novembre 2024 al 26 gennaio 2025, Roma,,,My Playlist,playlist
ACRE - Nebula Nitida,,,My Playlist,playlist
LEA BERTUCCI - In Anticipation Of,,,My Playlist,playlist
LORENZO ABATTOIR - Poco moderato,,,My Playlist,playlist
THE BUG - Annihilater (Force Of Gravity),,,My Playlist,playlist